Tanggal,Misi
"Sunday, 31 May 2026","Shalat Wajib (Subuh, Dzuhur, Ashar, Maghrib, Isya)"
"Sunday, 31 May 2026",Tahajjud
"Sunday, 31 May 2026",Qabliyah Subuh
"Sunday, 31 May 2026",Sedekah Subuh
"Sunday, 31 May 2026",Dhuha
"Sunday, 31 May 2026",ODOJ
"Sunday, 31 May 2026",Belajar 15 menit
"Sunday, 31 May 2026",Dapatkan skor 75% dalam 1 latihan
"Sunday, 31 May 2026",Murajaah surah Al-Falaq
"Sunday, 31 May 2026",
"Monday, 1 June 2026","Shalat Wajib (Subuh, Dzuhur, Ashar, Maghrib, Isya)"
"Monday, 1 June 2026",Tahajjud
"Monday, 1 June 2026",Qabliyah Subuh
"Monday, 1 June 2026",Sedekah Subuh
"Monday, 1 June 2026",Dhuha
"Monday, 1 June 2026",ODOJ
"Monday, 1 June 2026",Murajaah 10 ayat
"Monday, 1 June 2026",Menyelesaikan 3 materi di bab hijaiyah
"Monday, 1 June 2026",
"Monday, 1 June 2026",
"Tuesday, 2 June 2026","Shalat Wajib (Subuh, Dzuhur, Ashar, Maghrib, Isya)"
"Tuesday, 2 June 2026",Tahajjud
"Tuesday, 2 June 2026",Qabliyah Subuh
"Tuesday, 2 June 2026",Sedekah Subuh
"Tuesday, 2 June 2026",Dhuha
"Tuesday, 2 June 2026",ODOJ
"Tuesday, 2 June 2026",Murajaah Surah Ad-Dhuha
"Tuesday, 2 June 2026",Menyelesaikan 1 latihan dengan skor 70%
"Tuesday, 2 June 2026",
"Tuesday, 2 June 2026",
"Wednesday, 3 June 2026","Shalat Wajib (Subuh, Dzuhur, Ashar, Maghrib, Isya)"
"Wednesday, 3 June 2026",Tahajjud
"Wednesday, 3 June 2026",Qabliyah Subuh
"Wednesday, 3 June 2026",Sedekah Subuh
"Wednesday, 3 June 2026",Dhuha
"Wednesday, 3 June 2026",ODOJ
"Wednesday, 3 June 2026",Membaca dan menyelesaikan dzikir setelah sholat
"Wednesday, 3 June 2026",Murajaah Surah At-Takatsur
"Wednesday, 3 June 2026",
"Wednesday, 3 June 2026",
"Thursday, 4 June 2026","Shalat Wajib (Subuh, Dzuhur, Ashar, Maghrib, Isya)"
"Thursday, 4 June 2026",Tahajjud
"Thursday, 4 June 2026",Qabliyah Subuh
"Thursday, 4 June 2026",Sedekah Subuh
"Thursday, 4 June 2026",Dhuha
"Thursday, 4 June 2026",ODOJ
"Thursday, 4 June 2026",Bagikan pencapaian belajar 2 kali
"Thursday, 4 June 2026",Murajaah 30 Juz sebanyak-banyaknya
"Thursday, 4 June 2026",
"Thursday, 4 June 2026",
"Friday, 5 June 2026","Shalat Wajib (Subuh, Dzuhur, Ashar, Maghrib, Isya)"
"Friday, 5 June 2026",Tahajjud
"Friday, 5 June 2026",Qabliyah Subuh
"Friday, 5 June 2026",Sedekah Subuh
"Friday, 5 June 2026",Dhuha
"Friday, 5 June 2026",ODOJ
"Friday, 5 June 2026",
"Friday, 5 June 2026",
"Friday, 5 June 2026",
"Friday, 5 June 2026",
"Saturday, 6 June 2026","Shalat Wajib (Subuh, Dzuhur, Ashar, Maghrib, Isya)"
"Saturday, 6 June 2026",Tahajjud
"Saturday, 6 June 2026",Qabliyah Subuh
"Saturday, 6 June 2026",Sedekah Subuh
"Saturday, 6 June 2026",Dhuha
"Saturday, 6 June 2026",ODOJ
"Saturday, 6 June 2026",
"Saturday, 6 June 2026",
"Saturday, 6 June 2026",
"Saturday, 6 June 2026",
"Sunday, 7 June 2026","Shalat Wajib (Subuh, Dzuhur, Ashar, Maghrib, Isya)"
"Sunday, 7 June 2026",Tahajjud
"Sunday, 7 June 2026",Qabliyah Subuh
"Sunday, 7 June 2026",Sedekah Subuh
"Sunday, 7 June 2026",Dhuha
"Sunday, 7 June 2026",ODOJ
"Sunday, 7 June 2026",
"Sunday, 7 June 2026",
"Sunday, 7 June 2026",
"Sunday, 7 June 2026",
"Monday, 8 June 2026","Shalat Wajib (Subuh, Dzuhur, Ashar, Maghrib, Isya)"
"Monday, 8 June 2026",Tahajjud
"Monday, 8 June 2026",Qabliyah Subuh
"Monday, 8 June 2026",Sedekah Subuh
"Monday, 8 June 2026",Dhuha
"Monday, 8 June 2026",ODOJ
"Monday, 8 June 2026",
"Monday, 8 June 2026",
"Monday, 8 June 2026",
"Monday, 8 June 2026",
"Tuesday, 9 June 2026","Shalat Wajib (Subuh, Dzuhur, Ashar, Maghrib, Isya)"
"Tuesday, 9 June 2026",Tahajjud
"Tuesday, 9 June 2026",Qabliyah Subuh
"Tuesday, 9 June 2026",Sedekah Subuh
"Tuesday, 9 June 2026",Dhuha
"Tuesday, 9 June 2026",ODOJ
"Tuesday, 9 June 2026",
"Tuesday, 9 June 2026",
"Tuesday, 9 June 2026",
"Tuesday, 9 June 2026",
"Wednesday, 10 June 2026","Shalat Wajib (Subuh, Dzuhur, Ashar, Maghrib, Isya)"
"Wednesday, 10 June 2026",Tahajjud
"Wednesday, 10 June 2026",Qabliyah Subuh
"Wednesday, 10 June 2026",Sedekah Subuh
"Wednesday, 10 June 2026",Dhuha
"Wednesday, 10 June 2026",ODOJ
"Wednesday, 10 June 2026",
"Wednesday, 10 June 2026",
"Wednesday, 10 June 2026",
"Wednesday, 10 June 2026",
"Thursday, 11 June 2026","Shalat Wajib (Subuh, Dzuhur, Ashar, Maghrib, Isya)"
"Thursday, 11 June 2026",Tahajjud
"Thursday, 11 June 2026",Qabliyah Subuh
"Thursday, 11 June 2026",Sedekah Subuh
"Thursday, 11 June 2026",Dhuha
"Thursday, 11 June 2026",ODOJ
"Thursday, 11 June 2026",
"Thursday, 11 June 2026",
"Thursday, 11 June 2026",
"Thursday, 11 June 2026",
"Friday, 12 June 2026","Shalat Wajib (Subuh, Dzuhur, Ashar, Maghrib, Isya)"
"Friday, 12 June 2026",Tahajjud
"Friday, 12 June 2026",Qabliyah Subuh
"Friday, 12 June 2026",Sedekah Subuh
"Friday, 12 June 2026",Dhuha
"Friday, 12 June 2026",ODOJ
"Friday, 12 June 2026",
"Friday, 12 June 2026",
"Friday, 12 June 2026",
"Friday, 12 June 2026",
"Saturday, 13 June 2026","Shalat Wajib (Subuh, Dzuhur, Ashar, Maghrib, Isya)"
"Saturday, 13 June 2026",Tahajjud
"Saturday, 13 June 2026",Qabliyah Subuh
"Saturday, 13 June 2026",Sedekah Subuh
"Saturday, 13 June 2026",Dhuha
"Saturday, 13 June 2026",ODOJ
"Saturday, 13 June 2026",
"Saturday, 13 June 2026",
"Saturday, 13 June 2026",
"Saturday, 13 June 2026",
"Sunday, 14 June 2026","Shalat Wajib (Subuh, Dzuhur, Ashar, Maghrib, Isya)"
"Sunday, 14 June 2026",Tahajjud
"Sunday, 14 June 2026",Qabliyah Subuh
"Sunday, 14 June 2026",Sedekah Subuh
"Sunday, 14 June 2026",Dhuha
"Sunday, 14 June 2026",ODOJ
"Sunday, 14 June 2026",
"Sunday, 14 June 2026",
"Sunday, 14 June 2026",
"Sunday, 14 June 2026",
"Monday, 15 June 2026","Shalat Wajib (Subuh, Dzuhur, Ashar, Maghrib, Isya)"
"Monday, 15 June 2026",Tahajjud
"Monday, 15 June 2026",Qabliyah Subuh
"Monday, 15 June 2026",Sedekah Subuh
"Monday, 15 June 2026",Dhuha
"Monday, 15 June 2026",ODOJ
"Monday, 15 June 2026",
"Monday, 15 June 2026",
"Monday, 15 June 2026",
"Monday, 15 June 2026",
"Tuesday, 16 June 2026","Shalat Wajib (Subuh, Dzuhur, Ashar, Maghrib, Isya)"
"Tuesday, 16 June 2026",Tahajjud
"Tuesday, 16 June 2026",Qabliyah Subuh
"Tuesday, 16 June 2026",Sedekah Subuh
"Tuesday, 16 June 2026",Dhuha
"Tuesday, 16 June 2026",ODOJ
"Tuesday, 16 June 2026",
"Tuesday, 16 June 2026",
"Tuesday, 16 June 2026",
"Tuesday, 16 June 2026",
"Wednesday, 17 June 2026","Shalat Wajib (Subuh, Dzuhur, Ashar, Maghrib, Isya)"
"Wednesday, 17 June 2026",Tahajjud
"Wednesday, 17 June 2026",Qabliyah Subuh
"Wednesday, 17 June 2026",Sedekah Subuh
"Wednesday, 17 June 2026",Dhuha
"Wednesday, 17 June 2026",ODOJ
"Wednesday, 17 June 2026",
"Wednesday, 17 June 2026",
"Wednesday, 17 June 2026",
"Wednesday, 17 June 2026",
"Thursday, 18 June 2026","Shalat Wajib (Subuh, Dzuhur, Ashar, Maghrib, Isya)"
"Thursday, 18 June 2026",Tahajjud
"Thursday, 18 June 2026",Qabliyah Subuh
"Thursday, 18 June 2026",Sedekah Subuh
"Thursday, 18 June 2026",Dhuha
"Thursday, 18 June 2026",ODOJ
"Thursday, 18 June 2026",
"Thursday, 18 June 2026",
"Thursday, 18 June 2026",
"Thursday, 18 June 2026",
"Friday, 19 June 2026","Shalat Wajib (Subuh, Dzuhur, Ashar, Maghrib, Isya)"
"Friday, 19 June 2026",Tahajjud
"Friday, 19 June 2026",Qabliyah Subuh
"Friday, 19 June 2026",Sedekah Subuh
"Friday, 19 June 2026",Dhuha
"Friday, 19 June 2026",ODOJ
"Friday, 19 June 2026",
"Friday, 19 June 2026",
"Friday, 19 June 2026",
"Friday, 19 June 2026",
"Saturday, 20 June 2026","Shalat Wajib (Subuh, Dzuhur, Ashar, Maghrib, Isya)"
"Saturday, 20 June 2026",Tahajjud
"Saturday, 20 June 2026",Qabliyah Subuh
"Saturday, 20 June 2026",Sedekah Subuh
"Saturday, 20 June 2026",Dhuha
"Saturday, 20 June 2026",ODOJ
"Saturday, 20 June 2026",
"Saturday, 20 June 2026",
"Saturday, 20 June 2026",
"Saturday, 20 June 2026",
"Sunday, 21 June 2026","Shalat Wajib (Subuh, Dzuhur, Ashar, Maghrib, Isya)"
"Sunday, 21 June 2026",Tahajjud
"Sunday, 21 June 2026",Qabliyah Subuh
"Sunday, 21 June 2026",Sedekah Subuh
"Sunday, 21 June 2026",Dhuha
"Sunday, 21 June 2026",ODOJ
"Sunday, 21 June 2026",
"Sunday, 21 June 2026",
"Sunday, 21 June 2026",
"Sunday, 21 June 2026",
"Monday, 22 June 2026","Shalat Wajib (Subuh, Dzuhur, Ashar, Maghrib, Isya)"
"Monday, 22 June 2026",Tahajjud
"Monday, 22 June 2026",Qabliyah Subuh
"Monday, 22 June 2026",Sedekah Subuh
"Monday, 22 June 2026",Dhuha
"Monday, 22 June 2026",ODOJ
"Monday, 22 June 2026",
"Monday, 22 June 2026",
"Monday, 22 June 2026",
"Monday, 22 June 2026",
"Tuesday, 23 June 2026","Shalat Wajib (Subuh, Dzuhur, Ashar, Maghrib, Isya)"
"Tuesday, 23 June 2026",Tahajjud
"Tuesday, 23 June 2026",Qabliyah Subuh
"Tuesday, 23 June 2026",Sedekah Subuh
"Tuesday, 23 June 2026",Dhuha
"Tuesday, 23 June 2026",ODOJ
"Tuesday, 23 June 2026",
"Tuesday, 23 June 2026",
"Tuesday, 23 June 2026",
"Tuesday, 23 June 2026",
"Wednesday, 24 June 2026","Shalat Wajib (Subuh, Dzuhur, Ashar, Maghrib, Isya)"
"Wednesday, 24 June 2026",Tahajjud
"Wednesday, 24 June 2026",Qabliyah Subuh
"Wednesday, 24 June 2026",Sedekah Subuh
"Wednesday, 24 June 2026",Dhuha
"Wednesday, 24 June 2026",ODOJ
"Wednesday, 24 June 2026",
"Wednesday, 24 June 2026",
"Wednesday, 24 June 2026",
"Wednesday, 24 June 2026",
"Thursday, 25 June 2026","Shalat Wajib (Subuh, Dzuhur, Ashar, Maghrib, Isya)"
"Thursday, 25 June 2026",Tahajjud
"Thursday, 25 June 2026",Qabliyah Subuh
"Thursday, 25 June 2026",Sedekah Subuh
"Thursday, 25 June 2026",Dhuha
"Thursday, 25 June 2026",ODOJ
"Thursday, 25 June 2026",
"Thursday, 25 June 2026",
"Thursday, 25 June 2026",
"Thursday, 25 June 2026",
"Friday, 26 June 2026","Shalat Wajib (Subuh, Dzuhur, Ashar, Maghrib, Isya)"
"Friday, 26 June 2026",Tahajjud
"Friday, 26 June 2026",Qabliyah Subuh
"Friday, 26 June 2026",Sedekah Subuh
"Friday, 26 June 2026",Dhuha
"Friday, 26 June 2026",ODOJ
"Friday, 26 June 2026",
"Friday, 26 June 2026",
"Friday, 26 June 2026",
"Friday, 26 June 2026",
"Saturday, 27 June 2026","Shalat Wajib (Subuh, Dzuhur, Ashar, Maghrib, Isya)"
"Saturday, 27 June 2026",Tahajjud
"Saturday, 27 June 2026",Qabliyah Subuh
"Saturday, 27 June 2026",Sedekah Subuh
"Saturday, 27 June 2026",Dhuha
"Saturday, 27 June 2026",ODOJ
"Saturday, 27 June 2026",
"Saturday, 27 June 2026",
"Saturday, 27 June 2026",
"Saturday, 27 June 2026",
"Sunday, 28 June 2026","Shalat Wajib (Subuh, Dzuhur, Ashar, Maghrib, Isya)"
"Sunday, 28 June 2026",Tahajjud
"Sunday, 28 June 2026",Qabliyah Subuh
"Sunday, 28 June 2026",Sedekah Subuh
"Sunday, 28 June 2026",Dhuha
"Sunday, 28 June 2026",ODOJ
"Sunday, 28 June 2026",
"Sunday, 28 June 2026",
"Sunday, 28 June 2026",
"Sunday, 28 June 2026",
"Monday, 29 June 2026","Shalat Wajib (Subuh, Dzuhur, Ashar, Maghrib, Isya)"
"Monday, 29 June 2026",Tahajjud
"Monday, 29 June 2026",Qabliyah Subuh
"Monday, 29 June 2026",Sedekah Subuh
"Monday, 29 June 2026",Dhuha
"Monday, 29 June 2026",ODOJ
"Monday, 29 June 2026",
"Monday, 29 June 2026",
"Monday, 29 June 2026",
"Monday, 29 June 2026",
"Tuesday, 30 June 2026","Shalat Wajib (Subuh, Dzuhur, Ashar, Maghrib, Isya)"
"Tuesday, 30 June 2026",Tahajjud
"Tuesday, 30 June 2026",Qabliyah Subuh
"Tuesday, 30 June 2026",Sedekah Subuh
"Tuesday, 30 June 2026",Dhuha
"Tuesday, 30 June 2026",ODOJ
"Tuesday, 30 June 2026",
"Tuesday, 30 June 2026",
"Tuesday, 30 June 2026",
"Tuesday, 30 June 2026",
"Wednesday, 1 July 2026","Shalat Wajib (Subuh, Dzuhur, Ashar, Maghrib, Isya)"
"Wednesday, 1 July 2026",Tahajjud
"Wednesday, 1 July 2026",Qabliyah Subuh
"Wednesday, 1 July 2026",Sedekah Subuh
"Wednesday, 1 July 2026",Dhuha
"Wednesday, 1 July 2026",ODOJ
"Wednesday, 1 July 2026",
"Wednesday, 1 July 2026",
"Wednesday, 1 July 2026",
"Wednesday, 1 July 2026",
"Thursday, 2 July 2026","Shalat Wajib (Subuh, Dzuhur, Ashar, Maghrib, Isya)"
"Thursday, 2 July 2026",Tahajjud
"Thursday, 2 July 2026",Qabliyah Subuh
"Thursday, 2 July 2026",Sedekah Subuh
"Thursday, 2 July 2026",Dhuha
"Thursday, 2 July 2026",ODOJ
"Thursday, 2 July 2026",
"Thursday, 2 July 2026",
"Thursday, 2 July 2026",
"Thursday, 2 July 2026",
"Friday, 3 July 2026","Shalat Wajib (Subuh, Dzuhur, Ashar, Maghrib, Isya)"
"Friday, 3 July 2026",Tahajjud
"Friday, 3 July 2026",Qabliyah Subuh
"Friday, 3 July 2026",Sedekah Subuh
"Friday, 3 July 2026",Dhuha
"Friday, 3 July 2026",ODOJ
"Friday, 3 July 2026",
"Friday, 3 July 2026",
"Friday, 3 July 2026",
"Friday, 3 July 2026",
"Saturday, 4 July 2026","Shalat Wajib (Subuh, Dzuhur, Ashar, Maghrib, Isya)"
"Saturday, 4 July 2026",Tahajjud
"Saturday, 4 July 2026",Qabliyah Subuh
"Saturday, 4 July 2026",Sedekah Subuh
"Saturday, 4 July 2026",Dhuha
"Saturday, 4 July 2026",ODOJ
"Saturday, 4 July 2026",
"Saturday, 4 July 2026",
"Saturday, 4 July 2026",
"Saturday, 4 July 2026",
"Sunday, 5 July 2026","Shalat Wajib (Subuh, Dzuhur, Ashar, Maghrib, Isya)"
"Sunday, 5 July 2026",Tahajjud
"Sunday, 5 July 2026",Qabliyah Subuh
"Sunday, 5 July 2026",Sedekah Subuh
"Sunday, 5 July 2026",Dhuha
"Sunday, 5 July 2026",ODOJ
"Sunday, 5 July 2026",
"Sunday, 5 July 2026",
"Sunday, 5 July 2026",
"Sunday, 5 July 2026",
"Monday, 6 July 2026","Shalat Wajib (Subuh, Dzuhur, Ashar, Maghrib, Isya)"
"Monday, 6 July 2026",Tahajjud
"Monday, 6 July 2026",Qabliyah Subuh
"Monday, 6 July 2026",Sedekah Subuh
"Monday, 6 July 2026",Dhuha
"Monday, 6 July 2026",ODOJ
"Monday, 6 July 2026",
"Monday, 6 July 2026",
"Monday, 6 July 2026",
"Monday, 6 July 2026",
"Tuesday, 7 July 2026","Shalat Wajib (Subuh, Dzuhur, Ashar, Maghrib, Isya)"
"Tuesday, 7 July 2026",Tahajjud
"Tuesday, 7 July 2026",Qabliyah Subuh
"Tuesday, 7 July 2026",Sedekah Subuh
"Tuesday, 7 July 2026",Dhuha
"Tuesday, 7 July 2026",ODOJ
"Tuesday, 7 July 2026",
"Tuesday, 7 July 2026",
"Tuesday, 7 July 2026",
"Tuesday, 7 July 2026",
"Wednesday, 8 July 2026","Shalat Wajib (Subuh, Dzuhur, Ashar, Maghrib, Isya)"
"Wednesday, 8 July 2026",Tahajjud
"Wednesday, 8 July 2026",Qabliyah Subuh
"Wednesday, 8 July 2026",Sedekah Subuh
"Wednesday, 8 July 2026",Dhuha
"Wednesday, 8 July 2026",ODOJ
"Wednesday, 8 July 2026",
"Wednesday, 8 July 2026",
"Wednesday, 8 July 2026",
"Wednesday, 8 July 2026",